{
  "top_features": [
    "log1p_friends_count",
    "default_profile_image"
  ],
  "base_metrics": {
    "accuracy": 0.5666666666666667,
    "macro_f1": 0.4222222222222222,
    "bot_precision": 0.2,
    "bot_recall": 0.1,
    "confusion_matrix": [
      [
        16,
        4
      ],
      [
        9,
        1
      ]
    ],
    "classification_report": "              precision    recall  f1-score   support\n\n       human       0.64      0.80      0.71        20\n         bot       0.20      0.10      0.13        10\n\n    accuracy                           0.57        30\n   macro avg       0.42      0.45      0.42        30\nweighted avg       0.49      0.57      0.52        30\n"
  },
  "rows": [
    {
      "perturbation": "full_graph",
      "top_features_masked": "",
      "test_accuracy": 0.5666666666666667,
      "test_macro_f1": 0.4222222222222222,
      "test_bot_precision": 0.2,
      "test_bot_recall": 0.1,
      "mean_abs_prob_shift": 0.0,
      "mean_bot_prob": 0.39205092191696167
    },
    {
      "perturbation": "drop_similar_profile",
      "top_features_masked": "",
      "test_accuracy": 0.6,
      "test_macro_f1": 0.375,
      "test_bot_precision": 0.0,
      "test_bot_recall": 0.0,
      "mean_abs_prob_shift": 0.03137413412332535,
      "mean_bot_prob": 0.38948148488998413
    },
    {
      "perturbation": "drop_hashtag_and_url_edges",
      "top_features_masked": "",
      "test_accuracy": 0.5666666666666667,
      "test_macro_f1": 0.466484268125855,
      "test_bot_precision": 0.2857142857142857,
      "test_bot_recall": 0.2,
      "mean_abs_prob_shift": 0.029378600418567657,
      "mean_bot_prob": 0.4072813391685486
    },
    {
      "perturbation": "mask_top_user_features",
      "top_features_masked": "log1p_friends_count,default_profile_image",
      "test_accuracy": 0.6333333333333333,
      "test_macro_f1": 0.5485636114911081,
      "test_bot_precision": 0.42857142857142855,
      "test_bot_recall": 0.3,
      "mean_abs_prob_shift": 0.027497656643390656,
      "mean_bot_prob": 0.4041517376899719
    }
  ]
}