{
  "best_threshold_by_val_macro_f1": 0.2,
  "default_test_metrics": {
    "accuracy": 0.6666666666666666,
    "macro_f1": 0.4,
    "bot_precision": 0.0,
    "bot_recall": 0.0,
    "confusion_matrix": [
      [
        12,
        0
      ],
      [
        6,
        0
      ]
    ],
    "classification_report": "              precision    recall  f1-score   support\n\n       human       0.67      1.00      0.80        12\n         bot       0.00      0.00      0.00         6\n\n    accuracy                           0.67        18\n   macro avg       0.33      0.50      0.40        18\nweighted avg       0.44      0.67      0.53        18\n"
  },
  "tuned_test_metrics": {
    "accuracy": 0.3333333333333333,
    "macro_f1": 0.25,
    "bot_precision": 0.3333333333333333,
    "bot_recall": 1.0,
    "confusion_matrix": [
      [
        0,
        12
      ],
      [
        0,
        6
      ]
    ],
    "classification_report": "              precision    recall  f1-score   support\n\n       human       0.00      0.00      0.00        12\n         bot       0.33      1.00      0.50         6\n\n    accuracy                           0.33        18\n   macro avg       0.17      0.50      0.25        18\nweighted avg       0.11      0.33      0.17        18\n"
  }
}