{
  "best_threshold_by_val_macro_f1": 0.44999999999999996,
  "default_test_metrics": {
    "accuracy": 0.5666666666666667,
    "macro_f1": 0.4222222222222222,
    "bot_precision": 0.2,
    "bot_recall": 0.1,
    "confusion_matrix": [
      [
        16,
        4
      ],
      [
        9,
        1
      ]
    ],
    "classification_report": "              precision    recall  f1-score   support\n\n       human       0.64      0.80      0.71        20\n         bot       0.20      0.10      0.13        10\n\n    accuracy                           0.57        30\n   macro avg       0.42      0.45      0.42        30\nweighted avg       0.49      0.57      0.52        30\n"
  },
  "tuned_test_metrics": {
    "accuracy": 0.6666666666666666,
    "macro_f1": 0.625,
    "bot_precision": 0.5,
    "bot_recall": 0.5,
    "confusion_matrix": [
      [
        15,
        5
      ],
      [
        5,
        5
      ]
    ],
    "classification_report": "              precision    recall  f1-score   support\n\n       human       0.75      0.75      0.75        20\n         bot       0.50      0.50      0.50        10\n\n    accuracy                           0.67        30\n   macro avg       0.62      0.62      0.62        30\nweighted avg       0.67      0.67      0.67        30\n"
  }
}